protein	location	source(s)	uniprot_id
ENSG00000280571	cytosol	HPA	
ATP5MF-PTCD1	mitochondria	HPA	
P3R3URF-PIK3R3	nucleoplasm	HPA	
BORCS8-MEF2B	cytosol	HPA	
ENSG00000288000	microtubules	HPA	
LINC02203	centrosome	HPA	
ENSG00000250264	endoplasmicreticulum	HPA	
ENSG00000269825	nucleoli	HPA	
TGIF2-RAB5IF	mitochondria	HPA	
ENSG00000289258	nucleoplasm	HPA	
ENSG00000251537	plasmamembrane	HPA	
ENSG00000276345	mitochondria	HPA	
ENSG00000274944	mitochondria	HPA	
CYP3A7-CYP3A51P	cytosol	HPA	
ENSG00000291316	nucleoplasm	HPA	
RBM14-RBM4	cytosol	HPA	
ENSG00000269035	nucleoplasm	HPA	
ENSG00000273217	cytosol	HPA	
ENSG00000255639	nucleoplasm	HPA	
ENSG00000244255	plasmamembrane	HPA	
ENSG00000283765	mitochondria	HPA	
ENSG00000289258	cytosol	HPA	
TVP23C-CDRT4	golgiapparatus	HPA	
RPS10-NUDT3	cytosol	HPA	
TRIM39-RPP21	cytosol	HPA	
ENSG00000288000	nucleoplasm	HPA	
ENSG00000262660	mitochondria	HPA	
ENSG00000244255	endoplasmicreticulum	HPA	
ENSG00000265118	golgiapparatus	HPA	
ENSG00000269035	cytosol	HPA	
ENSG00000187186	endoplasmicreticulum	HPA	
BORCS8-MEF2B	plasmamembrane	HPA	
ENSG00000285837	centrosome	HPA	
ENSG00000280571	primarycilium	HPA	
ENSG00000285130	nucleoplasm	HPA	
ENSG00000286268	nuclearmembrane	HPA	
ENSG00000255439	endoplasmicreticulum	HPA	
ENSG00000256500	nucleoplasm	HPA	
FAM47E-STBD1	nucleoplasm	HPA	
ENSG00000272822	nucleoplasm	HPA	
ENSG00000198211	microtubules	HPA	
ENSG00000254706	nucleoplasm	HPA	
PTGES3L-AARSD1	nuclearmembrane	HPA	
ENSG00000272772	primarycilium	HPA	
ENSG00000269026	nucleoplasm	HPA	
ENSG00000275740	nucleoplasm	HPA	
ENSG00000261832	nucleoplasm	HPA	
FAM47E-STBD1	cytosol	HPA	
P3R3URF-PIK3R3	cytosol	HPA	
ENSG00000283149	endoplasmicreticulum	HPA	
ENSG00000282278	nucleoplasm	HPA	
ENSG00000285188	primarycilium	HPA	
ENSG00000286112	cytosol	HPA	
ENSG00000268643	nucleoplasm	HPA	
ENSG00000285526	nucleoplasm	HPA	
ENSG00000288684	cytosol	HPA	
ENSG00000255835	nucleoplasm	HPA	
ISY1-RAB43	nucleoplasm	HPA	
ENSG00000283782	nucleoplasm	HPA	
ENSG00000285283	endoplasmicreticulum	HPA	
ENSG00000254692	golgiapparatus	HPA	
CFAP298-TCP10L	microtubules	HPA	
ENSG00000285749	nucleoli	HPA	
ENSG00000269590	endoplasmicreticulum	HPA	
FMC1-LUC7L2	nucleoplasm	HPA	
ENSG00000284779	nucleoplasm	HPA	
ENSG00000286235	nucleoplasm	HPA	
ENSG00000111780	mitochondria	HPA	
ENSG00000269547	mitochondria	HPA	
COMMD3-BMI1	nucleoplasm	HPA	
PMF1-BGLAP	golgiapparatus	HPA	
ENSG00000260342	endoplasmicreticulum	HPA	
ENSG00000258472	nucleoplasm	HPA	
ENSG00000284292	cytosol	HPA	
FAM47E-STBD1	plasmamembrane	HPA	
ENSG00000267740	mitochondria	HPA	
ENSG00000256349	microtubules	HPA	
ENSG00000288520	nucleoplasm	HPA	
ENSG00000288684	plasmamembrane	HPA	
COMMD3-BMI1	cytosol	HPA	
CORO7-PAM16	mitochondria	HPA	
PTGES3L-AARSD1	cytosol	HPA	
ENSG00000173867	microtubules	HPA	
ATF7-NPFF	nucleoplasm	HPA	
ENSG00000256500	cytosol	HPA	
COMMD3-BMI1	nucleoli	HPA	
ENSG00000285920	nucleoplasm	HPA	
ENSG00000288520	cytosol	HPA	
PMF1-BGLAP	nucleoplasm	HPA	
ENSG00000274944	nucleoplasm	HPA	
ENSG00000264668	nucleoplasm	HPA	
ENSG00000285982	mitochondria	HPA	
ENSG00000265118	cytosol	HPA	
ENSG00000289346	nucleoplasm	HPA	
ENSG00000288520	nucleoli	HPA	
ENSG00000285458	actinfilaments	HPA	
AK4P3	mitochondria	HPA	
ENSG00000251569	cytosol	HPA	
ENSG00000285947	nucleoplasm	HPA	
ENSG00000260836	cytosol	HPA	
ENSG00000284292	plasmamembrane	HPA	
ENSG00000173867	nucleoplasm	HPA	
FXYD6-FXYD2	nuclearmembrane	HPA	
JMJD7-PLA2G4B	cytosol	HPA	
ENSG00000260836	nucleoli	HPA	
ENSG00000285920	nucleoli	HPA	
NT5C1B-RDH14	nucleoplasm	HPA	
ENSG00000285547	nucleoplasm	HPA	
ENSG00000225528	nucleoplasm	HPA	
ENSG00000276345	nucleoli	HPA	
ENSG00000285947	cytosol	HPA	
ENSG00000268643	cytosol	HPA	
ENSG00000285130	plasmamembrane	HPA	
STON1-GTF2A1L	nucleoplasm	HPA	
ENSG00000255835	cytosol	HPA	
ENSG00000256500	plasmamembrane	HPA	
NEDD8-MDP1	nucleoplasm	HPA	
ENSG00000283886	nucleoplasm	HPA	
ENSG00000288520	plasmamembrane	HPA	
ENSG00000285304	cytosol	HPA	
ENSG00000284057	nucleoplasm	HPA	
ENSG00000290317	golgiapparatus	HPA	
ENSG00000272772	nucleoplasm	HPA	
ENSG00000289700	nucleoplasm	HPA	
ENSG00000197991	microtubules	HPA	
ENSG00000286235	cytosol	HPA	
ENSG00000265118	plasmamembrane	HPA	
ENSG00000272980	centrosome	HPA	
NT5C1B-RDH14	nucleoli	HPA	
IGKV3OR2-268	cytosol	HPA	
CLCA3P	plasmamembrane	GO	
ENSG00000283886	cytosol	HPA	
NME1-NME2	cytosol	HPA	
ENSG00000284057	cytosol	HPA	
ENSG00000289700	cytosol	HPA	
ENSG00000289258	actinfilaments	HPA	
ENSG00000260836	endoplasmicreticulum	HPA	
POC1B-GALNT4	golgiapparatus	HPA	
ENSG00000265118	primarycilium	HPA	
CFAP298-TCP10L	cytosol	HPA	
ENSG00000251569	primarycilium	HPA	
SYNJ2BP-COX16	mitochondria	HPA	
ENSG00000285947	plasmamembrane	HPA	
ENSG00000255639	mitochondria	HPA	
ENSG00000285526	plasmamembrane	HPA	
ENSG00000250424	plasmamembrane	HPA	
ENSG00000290317	nucleoplasm	HPA	
ATF7-NPFF	cytosol	HPA	
ENSG00000241690	plasmamembrane	HPA	
NT5C1B-RDH14	plasmamembrane	HPA	
GCOM1	nucleoplasm	HPA	
ENSG00000257390	nucleoplasm	HPA	
RPL17-C18orf32	cytosol	HPA	
ENSG00000286165	cytosol	HPA	
ENSG00000280571	nucleoplasm	HPA	
ENSG00000198211	primarycilium	HPA	
ENSG00000286268	endoplasmicreticulum	HPA	
PRPF4B	nucleoplasm	HPA	
IGKV3OR2-268	plasmamembrane	HPA	
BORCS8-MEF2B	nucleoplasm	HPA	
ENSG00000289027	endoplasmicreticulum	HPA	
ENSG00000285188	microtubules	HPA	
ENSG00000258529	endoplasmicreticulum	HPA	
ENSG00000258472	plasmamembrane	HPA	
ENSG00000269590	nuclearmembrane	HPA	
DUS4L-BCAP29	cytosol	HPA	
ENSG00000264668	nucleoli	HPA	
OR4M2-OT1	centrosome	HPA	
STIMATE-MUSTN1	cytosol	HPA	
BIVM-ERCC5	nucleoplasm	HPA	
PEDS1-UBE2V1	nucleoplasm	HPA	
ENSG00000285827	mitochondria	HPA	
ENSG00000285547	cytosol	HPA	
ENSG00000187186	nucleoli	HPA	
RBM14-RBM4	nucleoplasm	HPA	
ENSG00000280571	centrosome	HPA	
RPL36A-HNRNPH2	cytosol	HPA	
STON1-GTF2A1L	cytosol	HPA	
ENSG00000225528	nucleoli	HPA	
ENSG00000282218	golgiapparatus	HPA	
ENSG00000288637	centrosome	HPA	
ENSG00000272772	cytosol	HPA	
ENSG00000290315	cytosol	HPA	
ENSG00000264668	plasmamembrane	HPA	
ENSG00000260914	microtubules	HPA	
RPL17-C18orf32	endoplasmicreticulum	HPA	
ENSG00000144785	nucleoplasm	HPA	
ENSG00000285982	nucleoplasm	HPA	
ENSG00000273217	centrosome	HPA	
ENSG00000285188	cytosol	HPA	
ENSG00000285625	cytosol	HPA	
ENSG00000251537	cytosol	HPA	
ENSG00000282988	nucleoplasm	HPA	
ENSG00000285188	centrosome	HPA	
TCAF2C	plasmamembrane	HPA	
ENSG00000269035	nuclearmembrane	HPA	
ENSG00000285458	cytosol	HPA	
RPL36A-HNRNPH2	plasmamembrane	HPA	
ENSG00000144785	centrosome	HPA	
RPL36A-HNRNPH2	endoplasmicreticulum	HPA	
GIMAP1-GIMAP5	endoplasmicreticulum	HPA	
ENSG00000285708	nucleoplasm	HPA	
ENSG00000272980	primarycilium	HPA	
ENSG00000277535	nucleoli	HPA	
ENSG00000256514	centrosome	HPA	
ENSG00000257390	cytosol	HPA	
ENSG00000275869	centrosome	HPA	
